registration_number,title_en,start_date,end_date,status,owner_org
C-000074,Share your thoughts about making consumer protections clearer for Canadians,2026-06-12,2026-08-11,O,crtc
C-0033816,Share your ideas: National Strategy Respecting Environmental Racism and Environmental Justice,2026-07-02,2026-08-10,O,ec
1179,Amendments to the Aircraft Marking and Registration Standard,2026-07-08,2026-08-07,O,tc
90228-2,"Regional Assessment of Oil and Gas Exploratory Drilling in the Canada-Nova Scotia Offshore Area
Public notice
Participant funding available",2026-07-08,2026-08-07,O,iaac-aeic
C-000243,Share your thoughts: Proposed new livestock feed ingredient –  Quillaja saponaria wood powder,2026-07-22,2026-08-04,O,cfia-acia
82960,"Upper Beaver Gold Project
Public notice
Participant funding available",2026-07-03,2026-08-03,O,iaac-aeic
C-0275,Engagements regarding a potential approach for a jammer exemption order for certain Law Enforcement Agencies.,2025-12-01,2026-08-01,O,ic
000147,Consultations on Extending the Canadian Journalism Labour Tax Credit to Audio and Audiovisual News Organizations,2026-06-03,2026-07-31,O,fin
C-0000011,Affirmation of Indigenous Identity Form Review,2026-02-01,2026-07-30,O,psc-cfp
C-0001148,Proposal to modify the List of Permitted Food Colours (Jagua (genipin-glycine) blue),2026-05-14,2026-07-28,O,hc-sc
C-0001147,Consultation: Proposed change to the veterinary omeprazole listing on the Prescription Drug List (PDL),2026-05-13,2026-07-27,O,hc-sc
C-0278,Review of Canada's Geographical Indication Regime,2026-05-28,2026-07-22,O,ic
C-0001150,Consultation: Proposed health-based air quality objectives for arsenic,2026-05-22,2026-07-21,O,hc-sc
C-0001151,"Consultation on the proposed special review decision of 4-Chloro-2-methylphenoxyacetic acid and its associated end-use products, PSRD2026-01",2026-05-29,2026-07-13,O,hc-sc
C-VAC0060,Ministerial Advisory Groups • Recognition  •  Families  • Care and Support • Policy •  Health and Well-being • Service Excellence and Transition,2024-11-01,2026-06-30,O,vac-acc
DFO20260420-01,Wharf 401 Reconstruction - Millerand Harbour - Magdalen Islands,2026-03-26,2026-06-15,O,dfo-mpo
DFO20260420-02,Wharf 403 Reconstruction - Newport Harbour - Gaspésie,2026-03-26,2026-06-15,O,dfo-mpo
DFO20250730-02,Multi-species Action Plan for the Alberta at-risk Native Trout in Canada,2026-03-26,2026-05-25,O,dfo-mpo
C-672074,Fuel tank removal at the NRC Dominion Radio Astrophysical Observatory,2026-04-21,2026-05-21,O,nrc-cnrc
C-0282,Proposed Revisions to the Canadian Table of Frequency Allocations 2026 Edition,2026-03-05,2026-05-04,O,ic
C0000255,Consultations on potential Express Entry reforms,2026-03-16,2026-04-29,O,cic
C-0281,"Consultation on a Policy, Licensing and Technical Framework for Remotely Piloted Aircraft Systems (RPAS) in the 5030-5091 MHz Band and Certain Bands Used to Provide Commercial Mobile Services",2025-12-22,2026-04-10,O,ic
STC0000081,Enhancing the ability to search for Statistics Canada data - Consultative engagement,2026-02-24,2026-03-31,O,statcan
c-202506,Domestic Assessment of Product Category Filters for the Green Public Procurement Tool (GPPT),2025-10-01,2026-03-31,O,pwgsc-tpsgc
DFO20220513-07,Whitby Harbour Remediation Project,2022-02-10,2026-03-31,O,dfo-mpo
C-0000102,General Regulations under the Canada National Marine Conservation Areas Act,2023-04-11,2026-03-15,O,pc
C-0000146,A Reimagined Visitor Centre and Community Space in the Heart of Banff,2026-01-30,2026-02-27,O,pc
C-0033475,"Share your views and ideas: Review of the Environmental Emergency Regulations, 2019",2025-12-15,2026-02-13,O,ec
C-0033495,Science approach document on the prioritization of chemicals in plastics,2025-12-06,2026-02-04,O,ec
88774,Deep Geological Repository (DGR) for Canada's Used Nuclear Fuel Project,2026-01-05,2026-02-04,O,iaac-aeic
C0000247,2025 online survey of newcomers to Canada,2025-12-01,2026-01-01,O,cic
C-0000702,Indigenous Ministerial Arrangements Regulations,2022-07-25,2025-12-31,O,nrcan-rncan
C-0033493,"Draft Assessment for Manganese and its Compounds, and the Risk Management Scope",2025-10-25,2025-12-24,O,ec
C-0033424,Consultation on Amending the List of Species under the Species at Risk Act: Terrestrial Species January 2025,2024-12-10,2025-10-19,O,ec
C-0000144,Alexander Graham Bell National Historic Site Management Plan,2025-06-23,2025-07-31,O,pc
C-0254,Consultation on the implementation of the Global Cross-Border Privacy Rules (CBPR) Forum certifications in Canada,2025-03-07,2025-07-31,O,ic
STC0000058,Invitation to participate in the revision of the North American Industry Classification System (NAICS) Canada,2023-08-24,2025-06-30,O,statcan
STC0000059,Invitation to participate in the revision of the North American Product Classification System (NAPCS) Canada,2023-08-25,2025-06-30,O,statcan
C-1000002,Watchlist 2025 mid-cycle consultations with industry,2024-10-07,2025-05-31,O,tsb-bst
C-0000137,Town of Banff Railways Lands Area Redevelopment Plan - Term of Reference for Strategic Environmental Assessment,2024-12-18,2025-01-30,O,pc
STC-0000052,Missing persons data standards consultative engagement,2023-06-22,2024-12-31,O,statcan
C-000048,Share your thoughts about closed captioning of programming from online streaming services,2024-11-18,2024-12-20,O,crtc
STC-0000066,Invitation to participate in the revision of the National Occupational Classification (NOC),2024-04-09,2024-11-15,O,statcan
C-0235,"Consultation on a Policy, and Licensing, and Technical Framework for Supplemental Mobile Coverage by Satellite",2024-06-17,2024-10-25,O,ic
C-0000127,Visitor Use Management - Jasper National Park,2024-06-18,2024-09-13,O,pc
STC-0000065,Invitation to participate in the revision of the Classification of Instructional Programs (CIP) Canada,2024-04-15,2024-07-31,O,statcan
C-0158,Notice No. TIPB-001-2024 — Petition to the Governor in Council concerning Telecom Decision CRTC 2023-358,2024-04-27,2024-06-11,O,ic
C-0000124,Fortress of Louisbourg National Historic Site Management Plan,2024-05-06,2024-06-07,O,pc
C-0000119,Notice of Mooring Restrictions – Ontario Waterways - Trent-Severn Waterway National Historic Site,2024-03-07,2024-04-07,O,pc
C-0000120,Notice of Mooring Restrictions – Ontario Waterways - Rideau Canal National Historic Site,2024-03-11,2024-04-07,O,pc
C-ISC-1018,National Outcome-Based Framework,2023-01-15,2024-01-31,O,isc-sac
C-ISC - 1018,Developing laws and regulations for First Nations drinking water and wastewater: engagement 2022/2023,2022-08-01,2023-09-08,O,isc-sac
C-0000108,2022-23 Consultations on renewal of the Museum Policy,2022-10-28,2023-05-31,O,pch
C-201901,PSPC Controlled Goods Program’s Industry Engagement Committee (IEC),2012-01-01,2023-01-01,O,pwgsc-tpsgc
C-CANSOF-002,Social systems professional services,2022-03-01,2022-08-31,O,dnd-mdn
C-JAG-21Q2-18,Consultation to inform the regulatory development to support the implementation of An Act to amend the National Defence Act and to make related and consequential amendments to other Acts,2021-05-13,2022-08-03,O,dnd-mdn
C-JAG-21Q1-11,Consultation to inform the regulatory development to support the implementation of An Act to amend the National Defence Act and to make related and consequential amendments to other Acts,2021-05-13,2022-08-03,O,dnd-mdn
C-0000558,Proposed Amendments to the Export Permits Regulations,2022-06-18,2022-07-18,O,dfatd-maecd
SCCS-2021,Statistics Canada Client Survey 2022,2022-03-01,2022-04-25,O,statcan
C-00052,National Infrastructure Assessment,2021-03-16,2021-06-30,O,infc
C-ISC0037,Renewal of the Fire Protection Strategy,2020-04-01,2021-03-31,O,isc-sac
C-INA0005,Indigenous Procurement Modernization (including Procurement Strategy for Aboriginal Business),2017-06-01,2021-03-31,O,isc-sac
C-ISC0033,Indian Oil and Gas Regulations - Phase II,2013-04-01,2021-03-31,O,isc-sac
STC-0000023,Multifactor Productivity Application,2019-12-01,2020-03-31,O,statcan
